Survived,Group
1.0,A
1.0,A
1.0,A
1.0,A
1.0,A
1.0,A
1.0,A
1.0,A
1.0,A
1.0,A
1.0,A
1.0,A
1.0,A
1.0,A
1.0,A
1.0,A
1.0,A
1.0,A
1.0,A
1.0,A
1.0,A
1.0,A
1.0,A
1.0,A
1.0,A
1.0,A
1.0,A
1.0,A
1.0,A
1.0,A
1.0,A
1.0,A
1.0,A
1.0,A
1.0,A
1.0,A
1.0,A
1.0,A
1.0,A
1.0,A
1.0,A
1.0,A
1.0,A
1.0,A
1.0,A
1.0,A
1.0,A
1.0,A
1.0,A
1.0,A
1.0,A
1.0,A
1.0,A
1.0,A
1.0,A
1.0,A
1.0,A
1.0,A
1.0,A
1.0,A
0.0,A
0.0,A
0.0,A
0.0,A
1.0,B
1.0,B
1.0,B
1.0,B
1.0,B
1.0,B
1.0,B
1.0,B
1.0,B
1.0,B
1.0,B
1.0,B
1.0,B
1.0,B
1.0,B
1.0,B
1.0,B
1.0,B
1.0,B
1.0,B
1.0,B
1.0,B
1.0,B
1.0,B
1.0,B
1.0,B
1.0,B
1.0,B
1.0,B
1.0,B
1.0,B
1.0,B
1.0,B
1.0,B
1.0,B
1.0,B
1.0,B
1.0,B
1.0,B
1.0,B
1.0,B
1.0,B
1.0,B
1.0,B
1.0,B
1.0,B
1.0,B
1.0,B
1.0,B
1.0,B
1.0,B
1.0,B
1.0,B
1.0,B
1.0,B
1.0,B
1.0,B
1.0,B
1.0,B
1.0,B
1.0,B
1.0,B
1.0,B
1.0,B
1.0,B
1.0,B
1.0,B
1.0,B
1.0,B
1.0,B
1.0,B
1.0,B
1.0,B
1.0,B
1.0,B
1.0,B
1.0,B
1.0,B
1.0,B
1.0,B
1.0,B
1.0,B
1.0,B
1.0,B
1.0,B
0.0,B
0.0,B
0.0,B
0.0,B
0.0,B
0.0,B
0.0,B
