study,n,program,reoffend
Michigan DOC 1967,58,1,0
Michigan DOC 1967,58,0,0
Michigan DOC 1967,58,1,0
Michigan DOC 1967,58,1,0
Michigan DOC 1967,58,1,1
Michigan DOC 1967,58,1,0
Michigan DOC 1967,58,1,1
Michigan DOC 1967,58,0,1
Michigan DOC 1967,58,0,0
Michigan DOC 1967,58,1,0
Michigan DOC 1967,58,1,0
Michigan DOC 1967,58,1,0
Michigan DOC 1967,58,1,0
Michigan DOC 1967,58,1,1
Michigan DOC 1967,58,0,0
Michigan DOC 1967,58,0,0
Michigan DOC 1967,58,0,0
Michigan DOC 1967,58,0,1
Michigan DOC 1967,58,0,0
Michigan DOC 1967,58,1,1
Michigan DOC 1967,58,1,0
Michigan DOC 1967,58,1,0
Michigan DOC 1967,58,1,0
Michigan DOC 1967,58,0,0
Michigan DOC 1967,58,1,0
Michigan DOC 1967,58,0,0
Michigan DOC 1967,58,0,0
Michigan DOC 1967,58,1,0
Michigan DOC 1967,58,1,0
Michigan DOC 1967,58,0,0
Michigan DOC 1967,58,0,0
Michigan DOC 1967,58,1,1
Michigan DOC 1967,58,0,0
Michigan DOC 1967,58,1,0
Michigan DOC 1967,58,1,1
Michigan DOC 1967,58,0,0
Michigan DOC 1967,58,0,0
Michigan DOC 1967,58,0,0
Michigan DOC 1967,58,0,1
Michigan DOC 1967,58,0,1
Michigan DOC 1967,58,1,1
Michigan DOC 1967,58,1,1
Michigan DOC 1967,58,0,0
Michigan DOC 1967,58,1,0
Michigan DOC 1967,58,0,0
Michigan DOC 1967,58,0,0
Michigan DOC 1967,58,0,0
Michigan DOC 1967,58,0,0
Michigan DOC 1967,58,0,0
Michigan DOC 1967,58,1,1
Michigan DOC 1967,58,1,1
Michigan DOC 1967,58,1,1
Michigan DOC 1967,58,1,1
Michigan DOC 1967,58,0,0
Michigan DOC 1967,58,0,0
Michigan DOC 1967,58,0,1
Michigan DOC 1967,58,0,0
Michigan DOC 1967,58,0,0
Vreeland 1981,79,0,0
Vreeland 1981,79,0,1
Vreeland 1981,79,0,0
Vreeland 1981,79,0,1
Vreeland 1981,79,1,1
Vreeland 1981,79,0,0
Vreeland 1981,79,0,0
Vreeland 1981,79,1,0
Vreeland 1981,79,1,1
Vreeland 1981,79,0,0
Vreeland 1981,79,1,0
Vreeland 1981,79,1,0
Vreeland 1981,79,0,1
Vreeland 1981,79,1,1
Vreeland 1981,79,1,0
Vreeland 1981,79,1,0
Vreeland 1981,79,1,0
Vreeland 1981,79,0,0
Vreeland 1981,79,0,1
Vreeland 1981,79,0,0
Vreeland 1981,79,0,1
Vreeland 1981,79,0,0
Vreeland 1981,79,0,0
Vreeland 1981,79,1,1
Vreeland 1981,79,1,0
Vreeland 1981,79,1,1
Vreeland 1981,79,1,0
Vreeland 1981,79,1,0
Vreeland 1981,79,0,0
Vreeland 1981,79,0,0
Vreeland 1981,79,0,0
Vreeland 1981,79,1,0
Vreeland 1981,79,1,0
Vreeland 1981,79,0,0
Vreeland 1981,79,1,1
Vreeland 1981,79,0,1
Vreeland 1981,79,1,0
Vreeland 1981,79,1,0
Vreeland 1981,79,1,0
Vreeland 1981,79,0,0
Vreeland 1981,79,0,0
Vreeland 1981,79,1,0
Vreeland 1981,79,1,0
Vreeland 1981,79,0,1
Vreeland 1981,79,0,0
Vreeland 1981,79,1,0
Vreeland 1981,79,1,1
Vreeland 1981,79,1,0
Vreeland 1981,79,1,0
Vreeland 1981,79,1,1
Vreeland 1981,79,0,0
Vreeland 1981,79,0,0
Vreeland 1981,79,0,0
Vreeland 1981,79,0,1
Vreeland 1981,79,1,1
Vreeland 1981,79,0,0
Vreeland 1981,79,0,0
Vreeland 1981,79,1,0
Vreeland 1981,79,1,0
Vreeland 1981,79,1,1
Vreeland 1981,79,0,0
Vreeland 1981,79,0,0
Vreeland 1981,79,1,1
Vreeland 1981,79,0,0
Vreeland 1981,79,1,1
Vreeland 1981,79,0,1
Vreeland 1981,79,1,1
Vreeland 1981,79,1,0
Vreeland 1981,79,1,0
Vreeland 1981,79,0,1
Vreeland 1981,79,1,0
Vreeland 1981,79,0,0
Vreeland 1981,79,0,0
Vreeland 1981,79,1,1
Vreeland 1981,79,0,0
Vreeland 1981,79,0,1
Vreeland 1981,79,0,0
Vreeland 1981,79,1,0
Vreeland 1981,79,0,0
Orchowsky & Taylor 1981,80,1,1
Orchowsky & Taylor 1981,80,0,0
Orchowsky & Taylor 1981,80,1,0
Orchowsky & Taylor 1981,80,0,1
Orchowsky & Taylor 1981,80,1,1
Orchowsky & Taylor 1981,80,0,1
Orchowsky & Taylor 1981,80,1,0
Orchowsky & Taylor 1981,80,1,0
Orchowsky & Taylor 1981,80,1,1
Orchowsky & Taylor 1981,80,0,1
Orchowsky & Taylor 1981,80,0,1
Orchowsky & Taylor 1981,80,1,1
Orchowsky & Taylor 1981,80,1,0
Orchowsky & Taylor 1981,80,0,1
Orchowsky & Taylor 1981,80,1,1
Orchowsky & Taylor 1981,80,0,0
Orchowsky & Taylor 1981,80,1,1
Orchowsky & Taylor 1981,80,1,1
Orchowsky & Taylor 1981,80,1,1
Orchowsky & Taylor 1981,80,0,0
Orchowsky & Taylor 1981,80,0,1
Orchowsky & Taylor 1981,80,1,0
Orchowsky & Taylor 1981,80,1,1
Orchowsky & Taylor 1981,80,1,0
Orchowsky & Taylor 1981,80,1,0
Orchowsky & Taylor 1981,80,0,0
Orchowsky & Taylor 1981,80,0,1
Orchowsky & Taylor 1981,80,0,0
Orchowsky & Taylor 1981,80,0,0
Orchowsky & Taylor 1981,80,1,0
Orchowsky & Taylor 1981,80,1,1
Orchowsky & Taylor 1981,80,1,0
Orchowsky & Taylor 1981,80,1,1
Orchowsky & Taylor 1981,80,0,0
Orchowsky & Taylor 1981,80,1,0
Orchowsky & Taylor 1981,80,1,1
Orchowsky & Taylor 1981,80,1,0
Orchowsky & Taylor 1981,80,0,0
Orchowsky & Taylor 1981,80,1,1
Orchowsky & Taylor 1981,80,1,0
Orchowsky & Taylor 1981,80,0,0
Orchowsky & Taylor 1981,80,0,1
Orchowsky & Taylor 1981,80,0,1
Orchowsky & Taylor 1981,80,0,0
Orchowsky & Taylor 1981,80,1,0
Orchowsky & Taylor 1981,80,0,0
Orchowsky & Taylor 1981,80,1,0
Orchowsky & Taylor 1981,80,1,0
Orchowsky & Taylor 1981,80,0,1
Orchowsky & Taylor 1981,80,0,1
Orchowsky & Taylor 1981,80,1,0
Orchowsky & Taylor 1981,80,0,0
Orchowsky & Taylor 1981,80,0,0
Orchowsky & Taylor 1981,80,1,0
Orchowsky & Taylor 1981,80,1,1
Orchowsky & Taylor 1981,80,0,1
Orchowsky & Taylor 1981,80,1,1
Orchowsky & Taylor 1981,80,1,0
Orchowsky & Taylor 1981,80,0,1
Orchowsky & Taylor 1981,80,0,1
Orchowsky & Taylor 1981,80,0,0
Orchowsky & Taylor 1981,80,1,0
Orchowsky & Taylor 1981,80,1,0
Orchowsky & Taylor 1981,80,0,0
Orchowsky & Taylor 1981,80,0,0
Orchowsky & Taylor 1981,80,1,0
Orchowsky & Taylor 1981,80,0,1
Orchowsky & Taylor 1981,80,1,0
Orchowsky & Taylor 1981,80,1,0
Orchowsky & Taylor 1981,80,0,0
Orchowsky & Taylor 1981,80,1,1
Orchowsky & Taylor 1981,80,0,0
Orchowsky & Taylor 1981,80,0,0
Orchowsky & Taylor 1981,80,0,0
Orchowsky & Taylor 1981,80,0,0
Orchowsky & Taylor 1981,80,0,0
Orchowsky & Taylor 1981,80,0,0
Orchowsky & Taylor 1981,80,0,0
Orchowsky & Taylor 1981,80,0,1
Orchowsky & Taylor 1981,80,0,0
Finckenauer 1982,81,0,0
Finckenauer 1982,81,1,1
Finckenauer 1982,81,0,0
Finckenauer 1982,81,0,0
Finckenauer 1982,81,0,0
Finckenauer 1982,81,1,0
Finckenauer 1982,81,0,0
Finckenauer 1982,81,1,1
Finckenauer 1982,81,1,1
Finckenauer 1982,81,0,0
Finckenauer 1982,81,0,1
Finckenauer 1982,81,1,1
Finckenauer 1982,81,0,0
Finckenauer 1982,81,1,1
Finckenauer 1982,81,1,1
Finckenauer 1982,81,0,0
Finckenauer 1982,81,0,0
Finckenauer 1982,81,1,1
Finckenauer 1982,81,0,0
Finckenauer 1982,81,0,0
Finckenauer 1982,81,0,0
Finckenauer 1982,81,1,0
Finckenauer 1982,81,0,0
Finckenauer 1982,81,1,1
Finckenauer 1982,81,0,0
Finckenauer 1982,81,0,0
Finckenauer 1982,81,0,0
Finckenauer 1982,81,1,0
Finckenauer 1982,81,1,0
Finckenauer 1982,81,1,1
Finckenauer 1982,81,1,0
Finckenauer 1982,81,1,0
Finckenauer 1982,81,1,0
Finckenauer 1982,81,1,0
Finckenauer 1982,81,1,0
Finckenauer 1982,81,1,0
Finckenauer 1982,81,0,0
Finckenauer 1982,81,0,0
Finckenauer 1982,81,1,0
Finckenauer 1982,81,1,0
Finckenauer 1982,81,1,1
Finckenauer 1982,81,0,0
Finckenauer 1982,81,1,0
Finckenauer 1982,81,0,0
Finckenauer 1982,81,0,0
Finckenauer 1982,81,1,0
Finckenauer 1982,81,0,0
Finckenauer 1982,81,1,0
Finckenauer 1982,81,1,0
Finckenauer 1982,81,0,0
Finckenauer 1982,81,0,1
Finckenauer 1982,81,1,1
Finckenauer 1982,81,0,0
Finckenauer 1982,81,0,0
Finckenauer 1982,81,0,0
Finckenauer 1982,81,1,0
Finckenauer 1982,81,0,0
Finckenauer 1982,81,1,1
Finckenauer 1982,81,1,0
Finckenauer 1982,81,1,1
Finckenauer 1982,81,1,0
Finckenauer 1982,81,1,0
Finckenauer 1982,81,1,1
Finckenauer 1982,81,0,0
Finckenauer 1982,81,0,0
Finckenauer 1982,81,0,1
Finckenauer 1982,81,1,0
Finckenauer 1982,81,1,1
Finckenauer 1982,81,1,0
Finckenauer 1982,81,1,0
Finckenauer 1982,81,1,1
Finckenauer 1982,81,1,1
Finckenauer 1982,81,1,0
Finckenauer 1982,81,1,0
Finckenauer 1982,81,1,0
Finckenauer 1982,81,0,0
Finckenauer 1982,81,0,1
Finckenauer 1982,81,1,1
Finckenauer 1982,81,0,0
Finckenauer 1982,81,1,0
Finckenauer 1982,81,1,1
Lewis 1983,108,0,1
Lewis 1983,108,1,1
Lewis 1983,108,1,1
Lewis 1983,108,1,1
Lewis 1983,108,1,0
Lewis 1983,108,0,0
Lewis 1983,108,0,1
Lewis 1983,108,0,1
Lewis 1983,108,1,0
Lewis 1983,108,0,1
Lewis 1983,108,1,1
Lewis 1983,108,0,1
Lewis 1983,108,1,1
Lewis 1983,108,0,1
Lewis 1983,108,1,0
Lewis 1983,108,1,0
Lewis 1983,108,1,1
Lewis 1983,108,0,1
Lewis 1983,108,0,1
Lewis 1983,108,1,1
Lewis 1983,108,0,1
Lewis 1983,108,1,1
Lewis 1983,108,1,1
Lewis 1983,108,0,1
Lewis 1983,108,1,1
Lewis 1983,108,1,1
Lewis 1983,108,1,1
Lewis 1983,108,0,1
Lewis 1983,108,1,0
Lewis 1983,108,0,0
Lewis 1983,108,0,0
Lewis 1983,108,0,1
Lewis 1983,108,0,0
Lewis 1983,108,0,1
Lewis 1983,108,1,1
Lewis 1983,108,0,1
Lewis 1983,108,1,1
Lewis 1983,108,0,0
Lewis 1983,108,1,0
Lewis 1983,108,1,1
Lewis 1983,108,0,1
Lewis 1983,108,0,1
Lewis 1983,108,1,1
Lewis 1983,108,0,1
Lewis 1983,108,1,1
Lewis 1983,108,0,1
Lewis 1983,108,0,1
Lewis 1983,108,1,1
Lewis 1983,108,0,0
Lewis 1983,108,0,1
Lewis 1983,108,0,1
Lewis 1983,108,1,1
Lewis 1983,108,1,0
Lewis 1983,108,0,1
Lewis 1983,108,1,1
Lewis 1983,108,1,0
Lewis 1983,108,0,0
Lewis 1983,108,1,1
Lewis 1983,108,0,1
Lewis 1983,108,0,1
Lewis 1983,108,1,1
Lewis 1983,108,1,1
Lewis 1983,108,0,0
Lewis 1983,108,0,0
Lewis 1983,108,1,1
Lewis 1983,108,1,1
Lewis 1983,108,1,1
Lewis 1983,108,1,1
Lewis 1983,108,0,1
Lewis 1983,108,0,0
Lewis 1983,108,0,0
Lewis 1983,108,1,1
Lewis 1983,108,0,0
Lewis 1983,108,1,1
Lewis 1983,108,1,0
Lewis 1983,108,1,1
Lewis 1983,108,1,1
Lewis 1983,108,0,1
Lewis 1983,108,1,1
Lewis 1983,108,0,0
Lewis 1983,108,1,1
Lewis 1983,108,0,1
Lewis 1983,108,1,1
Lewis 1983,108,0,1
Lewis 1983,108,0,1
Lewis 1983,108,1,1
Lewis 1983,108,1,1
Lewis 1983,108,0,0
Lewis 1983,108,0,1
Lewis 1983,108,1,1
Lewis 1983,108,0,1
Lewis 1983,108,1,1
Lewis 1983,108,0,1
Lewis 1983,108,1,1
Lewis 1983,108,0,0
Lewis 1983,108,0,1
Lewis 1983,108,1,1
Lewis 1983,108,0,1
Lewis 1983,108,0,0
Lewis 1983,108,1,1
Lewis 1983,108,0,0
Lewis 1983,108,1,0
Lewis 1983,108,1,1
Lewis 1983,108,1,1
Lewis 1983,108,0,1
Lewis 1983,108,0,1
Lewis 1983,108,0,1
Lewis 1983,108,0,0
GERPDC 1979,161,0,0
GERPDC 1979,161,1,0
GERPDC 1979,161,1,0
GERPDC 1979,161,1,0
GERPDC 1979,161,1,0
GERPDC 1979,161,0,0
GERPDC 1979,161,0,0
GERPDC 1979,161,1,0
GERPDC 1979,161,0,0
GERPDC 1979,161,1,0
GERPDC 1979,161,1,0
GERPDC 1979,161,1,0
GERPDC 1979,161,1,0
GERPDC 1979,161,1,0
GERPDC 1979,161,1,0
GERPDC 1979,161,0,0
GERPDC 1979,161,0,0
GERPDC 1979,161,0,0
GERPDC 1979,161,0,0
GERPDC 1979,161,1,0
GERPDC 1979,161,1,1
GERPDC 1979,161,0,0
GERPDC 1979,161,1,0
GERPDC 1979,161,0,0
GERPDC 1979,161,0,1
GERPDC 1979,161,1,1
GERPDC 1979,161,1,1
GERPDC 1979,161,1,1
GERPDC 1979,161,0,0
GERPDC 1979,161,1,0
GERPDC 1979,161,0,1
GERPDC 1979,161,0,0
GERPDC 1979,161,0,0
GERPDC 1979,161,1,0
GERPDC 1979,161,1,0
GERPDC 1979,161,0,1
GERPDC 1979,161,1,0
GERPDC 1979,161,1,1
GERPDC 1979,161,1,1
GERPDC 1979,161,1,0
GERPDC 1979,161,1,0
GERPDC 1979,161,0,0
GERPDC 1979,161,1,0
GERPDC 1979,161,0,0
GERPDC 1979,161,1,0
GERPDC 1979,161,1,0
GERPDC 1979,161,1,0
GERPDC 1979,161,0,0
GERPDC 1979,161,0,0
GERPDC 1979,161,0,0
GERPDC 1979,161,0,0
GERPDC 1979,161,1,0
GERPDC 1979,161,1,0
GERPDC 1979,161,1,0
GERPDC 1979,161,0,0
GERPDC 1979,161,1,0
GERPDC 1979,161,1,0
GERPDC 1979,161,0,0
GERPDC 1979,161,1,1
GERPDC 1979,161,0,0
GERPDC 1979,161,1,0
GERPDC 1979,161,0,0
GERPDC 1979,161,0,0
GERPDC 1979,161,0,0
GERPDC 1979,161,1,0
GERPDC 1979,161,1,0
GERPDC 1979,161,0,0
GERPDC 1979,161,1,0
GERPDC 1979,161,0,0
GERPDC 1979,161,1,0
GERPDC 1979,161,0,0
GERPDC 1979,161,1,1
GERPDC 1979,161,0,1
GERPDC 1979,161,0,0
GERPDC 1979,161,1,0
GERPDC 1979,161,1,0
GERPDC 1979,161,1,0
GERPDC 1979,161,0,0
GERPDC 1979,161,1,0
GERPDC 1979,161,0,0
GERPDC 1979,161,0,0
GERPDC 1979,161,1,0
GERPDC 1979,161,0,0
GERPDC 1979,161,1,1
GERPDC 1979,161,1,0
GERPDC 1979,161,0,0
GERPDC 1979,161,0,0
GERPDC 1979,161,1,0
GERPDC 1979,161,1,0
GERPDC 1979,161,1,0
GERPDC 1979,161,1,0
GERPDC 1979,161,1,1
GERPDC 1979,161,1,1
GERPDC 1979,161,1,0
GERPDC 1979,161,1,1
GERPDC 1979,161,1,0
GERPDC 1979,161,0,0
GERPDC 1979,161,1,0
GERPDC 1979,161,0,0
GERPDC 1979,161,1,0
GERPDC 1979,161,0,0
GERPDC 1979,161,1,0
GERPDC 1979,161,0,0
GERPDC 1979,161,1,1
GERPDC 1979,161,1,0
GERPDC 1979,161,0,0
GERPDC 1979,161,1,0
GERPDC 1979,161,1,0
GERPDC 1979,161,1,1
GERPDC 1979,161,1,0
GERPDC 1979,161,1,0
GERPDC 1979,161,1,0
GERPDC 1979,161,0,0
GERPDC 1979,161,0,1
GERPDC 1979,161,0,0
GERPDC 1979,161,1,0
GERPDC 1979,161,1,0
GERPDC 1979,161,1,0
GERPDC 1979,161,0,0
GERPDC 1979,161,1,0
GERPDC 1979,161,0,1
GERPDC 1979,161,1,0
GERPDC 1979,161,0,0
GERPDC 1979,161,1,1
GERPDC 1979,161,1,0
GERPDC 1979,161,1,0
GERPDC 1979,161,0,0
GERPDC 1979,161,1,0
GERPDC 1979,161,0,1
GERPDC 1979,161,1,0
GERPDC 1979,161,1,0
GERPDC 1979,161,0,0
GERPDC 1979,161,0,0
GERPDC 1979,161,1,0
GERPDC 1979,161,0,0
GERPDC 1979,161,1,0
GERPDC 1979,161,0,0
GERPDC 1979,161,1,0
GERPDC 1979,161,0,0
GERPDC 1979,161,1,0
GERPDC 1979,161,1,0
GERPDC 1979,161,0,0
GERPDC 1979,161,0,0
GERPDC 1979,161,0,0
GERPDC 1979,161,1,0
GERPDC 1979,161,0,0
GERPDC 1979,161,1,0
GERPDC 1979,161,1,1
GERPDC 1979,161,1,0
GERPDC 1979,161,0,0
GERPDC 1979,161,1,0
GERPDC 1979,161,0,1
GERPDC 1979,161,0,0
GERPDC 1979,161,1,0
GERPDC 1979,161,1,0
GERPDC 1979,161,0,0
GERPDC 1979,161,1,0
GERPDC 1979,161,0,0
GERPDC 1979,161,1,0
GERPDC 1979,161,0,0
GERPDC 1979,161,1,0
Yarborough 1979,227,0,0
Yarborough 1979,227,1,0
Yarborough 1979,227,1,0
Yarborough 1979,227,1,0
Yarborough 1979,227,0,0
Yarborough 1979,227,1,0
Yarborough 1979,227,0,0
Yarborough 1979,227,1,1
Yarborough 1979,227,1,0
Yarborough 1979,227,0,0
Yarborough 1979,227,1,0
Yarborough 1979,227,1,0
Yarborough 1979,227,0,0
Yarborough 1979,227,0,0
Yarborough 1979,227,0,0
Yarborough 1979,227,0,0
Yarborough 1979,227,0,0
Yarborough 1979,227,0,0
Yarborough 1979,227,0,0
Yarborough 1979,227,0,0
Yarborough 1979,227,1,0
Yarborough 1979,227,1,0
Yarborough 1979,227,1,1
Yarborough 1979,227,0,0
Yarborough 1979,227,1,0
Yarborough 1979,227,1,0
Yarborough 1979,227,1,0
Yarborough 1979,227,0,0
Yarborough 1979,227,1,0
Yarborough 1979,227,0,1
Yarborough 1979,227,1,0
Yarborough 1979,227,1,0
Yarborough 1979,227,1,0
Yarborough 1979,227,1,0
Yarborough 1979,227,1,0
Yarborough 1979,227,1,0
Yarborough 1979,227,1,1
Yarborough 1979,227,1,0
Yarborough 1979,227,0,1
Yarborough 1979,227,1,0
Yarborough 1979,227,1,0
Yarborough 1979,227,1,0
Yarborough 1979,227,1,1
Yarborough 1979,227,0,0
Yarborough 1979,227,1,0
Yarborough 1979,227,0,0
Yarborough 1979,227,1,0
Yarborough 1979,227,1,0
Yarborough 1979,227,0,0
Yarborough 1979,227,1,0
Yarborough 1979,227,0,0
Yarborough 1979,227,1,0
Yarborough 1979,227,0,1
Yarborough 1979,227,1,0
Yarborough 1979,227,0,0
Yarborough 1979,227,0,0
Yarborough 1979,227,1,1
Yarborough 1979,227,0,1
Yarborough 1979,227,0,1
Yarborough 1979,227,1,0
Yarborough 1979,227,0,0
Yarborough 1979,227,1,0
Yarborough 1979,227,0,0
Yarborough 1979,227,0,0
Yarborough 1979,227,1,0
Yarborough 1979,227,0,0
Yarborough 1979,227,0,0
Yarborough 1979,227,1,0
Yarborough 1979,227,0,0
Yarborough 1979,227,1,0
Yarborough 1979,227,1,0
Yarborough 1979,227,0,0
Yarborough 1979,227,0,1
Yarborough 1979,227,0,0
Yarborough 1979,227,0,1
Yarborough 1979,227,1,0
Yarborough 1979,227,1,0
Yarborough 1979,227,1,1
Yarborough 1979,227,1,1
Yarborough 1979,227,1,0
Yarborough 1979,227,1,0
Yarborough 1979,227,1,0
Yarborough 1979,227,1,1
Yarborough 1979,227,0,1
Yarborough 1979,227,1,0
Yarborough 1979,227,1,0
Yarborough 1979,227,1,0
Yarborough 1979,227,1,0
Yarborough 1979,227,0,0
Yarborough 1979,227,1,0
Yarborough 1979,227,0,0
Yarborough 1979,227,1,0
Yarborough 1979,227,1,0
Yarborough 1979,227,1,0
Yarborough 1979,227,0,0
Yarborough 1979,227,1,0
Yarborough 1979,227,1,0
Yarborough 1979,227,1,0
Yarborough 1979,227,1,0
Yarborough 1979,227,1,0
Yarborough 1979,227,1,0
Yarborough 1979,227,0,1
Yarborough 1979,227,1,1
Yarborough 1979,227,0,0
Yarborough 1979,227,1,1
Yarborough 1979,227,1,0
Yarborough 1979,227,1,0
Yarborough 1979,227,1,0
Yarborough 1979,227,1,0
Yarborough 1979,227,1,0
Yarborough 1979,227,1,0
Yarborough 1979,227,1,0
Yarborough 1979,227,0,0
Yarborough 1979,227,1,0
Yarborough 1979,227,1,0
Yarborough 1979,227,0,1
Yarborough 1979,227,1,1
Yarborough 1979,227,0,0
Yarborough 1979,227,0,0
Yarborough 1979,227,1,0
Yarborough 1979,227,0,0
Yarborough 1979,227,0,1
Yarborough 1979,227,0,0
Yarborough 1979,227,1,0
Yarborough 1979,227,0,0
Yarborough 1979,227,1,0
Yarborough 1979,227,0,0
Yarborough 1979,227,1,0
Yarborough 1979,227,1,0
Yarborough 1979,227,0,0
Yarborough 1979,227,1,0
Yarborough 1979,227,1,0
Yarborough 1979,227,0,0
Yarborough 1979,227,1,0
Yarborough 1979,227,1,1
Yarborough 1979,227,1,0
Yarborough 1979,227,0,0
Yarborough 1979,227,0,0
Yarborough 1979,227,1,0
Yarborough 1979,227,0,1
Yarborough 1979,227,1,0
Yarborough 1979,227,1,1
Yarborough 1979,227,1,0
Yarborough 1979,227,0,0
Yarborough 1979,227,1,0
Yarborough 1979,227,1,0
Yarborough 1979,227,1,0
Yarborough 1979,227,1,0
Yarborough 1979,227,0,1
Yarborough 1979,227,1,0
Yarborough 1979,227,1,0
Yarborough 1979,227,1,1
Yarborough 1979,227,1,0
Yarborough 1979,227,0,0
Yarborough 1979,227,0,0
Yarborough 1979,227,0,0
Yarborough 1979,227,0,0
Yarborough 1979,227,0,0
Yarborough 1979,227,1,0
Yarborough 1979,227,1,0
Yarborough 1979,227,0,0
Yarborough 1979,227,0,1
Yarborough 1979,227,1,1
Yarborough 1979,227,1,0
Yarborough 1979,227,0,0
Yarborough 1979,227,0,0
Yarborough 1979,227,1,1
Yarborough 1979,227,1,0
Yarborough 1979,227,1,0
Yarborough 1979,227,1,0
Yarborough 1979,227,0,0
Yarborough 1979,227,0,0
Yarborough 1979,227,0,0
Yarborough 1979,227,1,1
Yarborough 1979,227,0,0
Yarborough 1979,227,1,1
Yarborough 1979,227,1,0
Yarborough 1979,227,1,0
Yarborough 1979,227,1,1
Yarborough 1979,227,0,0
Yarborough 1979,227,0,1
Yarborough 1979,227,1,1
Yarborough 1979,227,1,0
Yarborough 1979,227,1,0
Yarborough 1979,227,1,0
Yarborough 1979,227,0,0
Yarborough 1979,227,0,0
Yarborough 1979,227,1,0
Yarborough 1979,227,0,1
Yarborough 1979,227,0,0
Yarborough 1979,227,0,0
Yarborough 1979,227,1,0
Yarborough 1979,227,0,0
Yarborough 1979,227,1,0
Yarborough 1979,227,0,0
Yarborough 1979,227,0,0
Yarborough 1979,227,1,0
Yarborough 1979,227,1,0
Yarborough 1979,227,1,0
Yarborough 1979,227,1,0
Yarborough 1979,227,1,1
Yarborough 1979,227,1,0
Yarborough 1979,227,0,0
Yarborough 1979,227,1,1
Yarborough 1979,227,0,0
Yarborough 1979,227,1,1
Yarborough 1979,227,0,0
Yarborough 1979,227,1,0
Yarborough 1979,227,0,0
Yarborough 1979,227,1,0
Yarborough 1979,227,0,0
Yarborough 1979,227,0,0
Yarborough 1979,227,1,0
Yarborough 1979,227,0,0
Yarborough 1979,227,1,0
Yarborough 1979,227,0,0
Yarborough 1979,227,0,1
Yarborough 1979,227,1,0
Yarborough 1979,227,1,1
Yarborough 1979,227,1,1
Yarborough 1979,227,1,0
Yarborough 1979,227,1,1
Yarborough 1979,227,1,0
Yarborough 1979,227,0,0
Yarborough 1979,227,1,1
Yarborough 1979,227,1,0
Yarborough 1979,227,1,0
